"No.","Time","Source","Destination","Protocol","Length","Info"
299,1.530140272,HewlettP_7c:f9:c0,Broadcast,ARP,60,Who has 10.100.5.232? Tell 10.100.5.170
300,1.536725153,HewlettP_81:a9:af,Broadcast,ARP,60,Who has 10.100.5.50? Tell 10.100.5.177
301,1.536729085,HewlettP_81:a9:af,Broadcast,ARP,60,Who has 10.100.5.48? Tell 10.100.5.177
302,1.537776979,67.212.162.201,10.100.5.142,TCP,60,"445  >  61476 [RST, ACK] Seq=1 Ack=1 Win=0 Len=0"
303,1.540669344,10.100.5.246,10.100.5.240,SNMP,91,get-request 1.3.6.1.4.1.236.11.5.11.53.31.1.116.0
304,1.541595494,10.100.5.240,10.100.5.246,SNMP,99,get-response 1.3.6.1.4.1.236.11.5.11.53.31.1.116.0
305,1.552866868,HewlettP_7c:f9:c3,Broadcast,ARP,60,Who has 10.100.5.197? Tell 10.100.5.165
306,1.555270183,HewlettP_7c:f9:c3,Broadcast,ARP,60,Who has 10.100.5.198? Tell 10.100.5.165
307,1.557158968,10.100.5.1,224.0.0.2,HSRP,62,Hello (state Active)
308,1.557472003,198.16.74.44,10.100.5.142,TLSv1.2,122,Application Data
309,1.559020709,178.170.65.57,10.100.5.148,SMB,93,"Tree Connect AndX Response, Error: Bad userid"
310,1.559325502,74.125.24.100,10.100.5.157,UDP,140,443  >  49867 Len=98
311,1.560003221,HewlettP_7c:f9:c0,Broadcast,ARP,60,Who has 10.100.5.230? Tell 10.100.5.170
312,1.560007073,HewlettP_7c:f9:c0,Broadcast,ARP,60,Who has 10.100.5.231? Tell 10.100.5.170
313,1.560008685,HewlettP_7c:f9:c0,Broadcast,ARP,60,Who has 10.100.5.233? Tell 10.100.5.170
314,1.560010172,HewlettP_7c:f9:c0,Broadcast,ARP,60,Who has 10.100.5.225? Tell 10.100.5.170
315,1.560011687,HewlettP_7c:f9:c0,Broadcast,ARP,60,Who has 10.100.5.226? Tell 10.100.5.170
316,1.560013158,HewlettP_7c:f9:c0,Broadcast,ARP,60,Who has 10.100.5.227? Tell 10.100.5.170
317,1.560014637,HewlettP_7c:f9:c0,Broadcast,ARP,60,Who has 10.100.5.229? Tell 10.100.5.170
318,1.573867282,74.125.24.100,10.100.5.157,UDP,1392,443  >  49867 Len=1350
319,1.574173401,74.125.24.100,10.100.5.157,UDP,1392,443  >  49867 Len=1350
320,1.574175918,74.125.24.100,10.100.5.157,UDP,1392,443  >  49867 Len=1350
321,1.574177075,74.125.24.100,10.100.5.157,UDP,158,443  >  49867 Len=116
322,1.574177721,74.125.24.100,10.100.5.157,UDP,62,443  >  49867 Len=20
323,1.575501314,41.76.107.45,10.100.5.143,TCP,60,445  >  52183 [ACK] Seq=1 Ack=1 Win=64240 Len=0
324,1.575815144,41.76.107.45,10.100.5.143,TCP,60,"445  >  52183 [RST, ACK] Seq=1 Ack=1 Win=0 Len=0"
325,1.576331561,41.76.107.45,10.100.5.143,TCP,62,"445  >  52214 [SYN, ACK] Seq=0 Ack=1 Win=8192 Len=0 MSS=1460 SACK_PERM=1"
326,1.582174484,10.100.5.249,230.0.0.1,UDP,92,57113  >  6666 Len=50
327,1.582176553,10.100.5.249,230.0.0.1,UDP,92,63442  >  6666 Len=50
328,1.593656673,10.100.5.202,10.100.5.250,SNMP,120,get-request 1.3.6.1.2.1.25.3.2.1.5.1 1.3.6.1.2.1.25.3.5.1.1.1 1.3.6.1.2.1.25.3.5.1.2.1
329,1.606966411,fe80::4558:868:1800:d88,ff02::1:3,LLMNR,99,Standard query 0x9a9f A donate-v2-xxxxx-com
330,1.60697279,10.100.5.148,224.0.0.252,LLMNR,79,Standard query 0x9a9f A donate-v2-xxxxx-com
331,1.627773411,HewlettP_87:cb:9f,Broadcast,ARP,60,Who has 10.100.5.67? Tell 10.100.5.169
332,1.630041566,HewlettP_7c:f9:c0,Broadcast,ARP,60,Who has 10.100.5.228? Tell 10.100.5.170
333,1.630045861,HewlettP_85:c9:bc,HewlettP_87:cb:ca,ARP,60,10.100.5.61 is at a0:48:1c:85:c9:bc
334,1.659994055,HewlettP_7c:f9:c0,Broadcast,ARP,60,Who has 10.100.5.234? Tell 10.100.5.170
335,1.666677784,HewlettP_90:89:c0,Broadcast,ARP,60,Who has 10.100.5.4? Tell 169.254.18.216
336,1.667994758,10.100.5.250,230.0.0.1,UDP,92,55865  >  6666 Len=50
337,1.679925697,fe80::806b:9a4b:155d:d873,ff02::1:3,LLMNR,99,Standard query 0x7260 A donate-v2-xxxxx-com
338,1.682244836,10.100.5.150,224.0.0.252,LLMNR,79,Standard query 0x7260 A donate-v2-xxxxx-com
339,1.692811996,HewlettP_85:15:51,Broadcast,ARP,60,Who has 10.100.5.118? Tell 10.100.5.64
340,1.6928167,HewlettP_85:15:51,Broadcast,ARP,60,Who has 10.100.5.123? Tell 10.100.5.64
341,1.69281834,HewlettP_85:15:51,Broadcast,ARP,60,Who has 10.100.5.124? Tell 10.100.5.64
342,1.692819868,HewlettP_85:15:51,Broadcast,ARP,60,Who has 10.100.5.128? Tell 10.100.5.64
343,1.692821441,HewlettP_85:15:51,Broadcast,ARP,60,Who has 10.100.5.145? Tell 10.100.5.64
344,1.692822979,HewlettP_85:15:51,Broadcast,ARP,60,Who has 10.100.5.147? Tell 10.100.5.64
345,1.71097522,43.245.194.144,10.100.5.159,TCP,66,80  >  58013 [ACK] Seq=1 Ack=1 Win=237 Len=0 SLE=0 SRE=1
346,1.720097164,10.100.5.249,230.0.0.1,UDP,541,54075  >  6666 Len=499
347,1.74370434,HewlettP_87:cb:9f,Broadcast,ARP,60,Who has 10.100.5.48? Tell 10.100.5.169
348,1.743708797,HewlettP_87:cb:9f,Broadcast,ARP,60,Who has 10.100.5.42? Tell 10.100.5.169
349,1.743710349,HewlettP_87:cb:9f,Broadcast,ARP,60,Who has 10.100.5.43? Tell 10.100.5.169
350,1.743711887,HewlettP_87:cb:9f,Broadcast,ARP,60,Who has 10.100.5.50? Tell 10.100.5.169
351,1.743713488,HewlettP_87:cb:9f,Broadcast,ARP,60,Who has 10.100.5.60? Tell 10.100.5.169
352,1.745872654,Cisco_b5:d8:00,HewlettP_87:c4:70,ARP,60,Who has 10.100.5.153? Tell 10.100.5.1
353,1.746182337,Cisco_b5:d8:00,HewlettP_85:ca:a6,ARP,60,Who has 10.100.5.158? Tell 10.100.5.1
354,1.746478214,Cisco_b5:d8:00,HewlettP_81:a3:8c,ARP,60,Who has 10.100.5.152? Tell 10.100.5.1
355,1.747625887,Cisco_b5:d8:00,HewlettP_81:a9:b3,ARP,60,Who has 10.100.5.173? Tell 10.100.5.1
356,1.747923967,Cisco_b5:d8:00,HewlettP_7e:30:5c,ARP,60,Who has 10.100.5.247? Tell 10.100.5.1
357,1.74823382,Cisco_b5:d8:00,HewlettP_8d:1f:dc,ARP,60,Who has 10.100.5.48? Tell 10.100.5.1
358,1.749507449,Cisco_b5:d8:00,HewlettP_88:89:f1,ARP,60,Who has 10.100.5.166? Tell 10.100.5.1
359,1.749807193,Cisco_b5:d8:00,HewlettP_85:c9:b1,ARP,60,Who has 10.100.5.160? Tell 10.100.5.1
360,1.749809995,Cisco_b5:d8:00,HewlettP_81:d9:8d,ARP,60,Who has 10.100.5.241? Tell 10.100.5.1
361,1.750116139,Cisco_b5:d8:00,HewlettP_85:c2:c6,ARP,60,Who has 10.100.5.81? Tell 10.100.5.1
362,1.750548724,Cisco_b5:d8:00,HewlettP_81:a9:8f,ARP,60,Who has 10.100.5.146? Tell 10.100.5.1
363,1.750551352,Cisco_b5:d8:00,HewlettP_85:ca:a4,ARP,60,Who has 10.100.5.144? Tell 10.100.5.1
364,1.750552618,Cisco_b5:d8:00,HewlettP_85:15:6e,ARP,60,Who has 10.100.5.67? Tell 10.100.5.1
365,1.750855797,Cisco_b5:d8:00,HewlettP_85:c9:d1,ARP,60,Who has 10.100.5.149? Tell 10.100.5.1
366,1.750858424,Cisco_b5:d8:00,HewlettP_7c:f9:aa,ARP,60,Who has 10.100.5.118? Tell 10.100.5.1
367,1.751161139,Cisco_b5:d8:00,HewlettP_85:15:2f,ARP,60,Who has 10.100.5.180? Tell 10.100.5.1
368,1.751163811,Cisco_b5:d8:00,HewlettP_81:db:d6,ARP,60,Who has 10.100.5.239? Tell 10.100.5.1
369,1.75147093,Cisco_b5:d8:00,HewlettP_7e:31:97,ARP,60,Who has 10.100.5.245? Tell 10.100.5.1
370,1.752942628,10.100.5.1,224.0.0.2,HSRP,62,Hello (state Active)
371,1.77976298,fe80::806b:9a4b:155d:d873,ff02::1:3,LLMNR,99,Standard query 0x7260 A donate-v2-xxxxx-com
372,1.780059458,HewlettP_7c:f9:c0,Broadcast,ARP,60,Who has 10.100.5.90? Tell 10.100.5.170
373,1.780065324,HewlettP_7c:f9:c0,Broadcast,ARP,60,Who has 10.100.5.99? Tell 10.100.5.170
374,1.78006692,HewlettP_7c:f9:c0,Broadcast,ARP,60,Who has 10.100.5.102? Tell 10.100.5.170
375,1.780068403,HewlettP_7c:f9:c0,Broadcast,ARP,60,Who has 10.100.5.103? Tell 10.100.5.170
376,1.780070067,HewlettP_7c:f9:c0,Broadcast,ARP,60,Who has 10.100.5.105? Tell 10.100.5.170
377,1.780071513,HewlettP_7c:f9:c0,Broadcast,ARP,60,Who has 10.100.5.110? Tell 10.100.5.170
378,1.780073029,HewlettP_7c:f9:c0,Broadcast,ARP,60,Who has 10.100.5.107? Tell 10.100.5.170
379,1.780074498,HewlettP_7c:f9:c0,Broadcast,ARP,60,Who has 10.100.5.108? Tell 10.100.5.170
380,1.78007602,HewlettP_7c:f9:c0,Broadcast,ARP,60,Who has 10.100.5.109? Tell 10.100.5.170
381,1.780077455,HewlettP_7c:f9:c0,Broadcast,ARP,60,Who has 10.100.5.111? Tell 10.100.5.170
382,1.780079283,10.100.5.150,224.0.0.252,LLMNR,79,Standard query 0x7260 A donate-v2-xxxxx-com
383,1.780080404,HewlettP_7c:f9:c0,Broadcast,ARP,60,Who has 10.100.5.112? Tell 10.100.5.170
384,1.780081979,HewlettP_7c:f9:c0,Broadcast,ARP,60,Who has 10.100.5.118? Tell 10.100.5.170
385,1.780083521,HewlettP_7c:f9:c0,Broadcast,ARP,60,Who has 10.100.5.128? Tell 10.100.5.170
386,1.780084974,HewlettP_7c:f9:c0,Broadcast,ARP,60,Who has 10.100.5.123? Tell 10.100.5.170
387,1.78008643,HewlettP_7c:f9:c0,Broadcast,ARP,60,Who has 10.100.5.124? Tell 10.100.5.170
388,1.780088456,HewlettP_7c:f9:c0,Broadcast,ARP,60,Who has 10.100.5.130? Tell 10.100.5.170
389,1.78008996,HewlettP_7c:f9:c0,Broadcast,ARP,60,Who has 10.100.5.133? Tell 10.100.5.170
390,1.780091401,HewlettP_7c:f9:c0,Broadcast,ARP,60,Who has 10.100.5.136? Tell 10.100.5.170
391,1.780092841,HewlettP_7c:f9:c0,Broadcast,ARP,60,Who has 10.100.5.168? Tell 10.100.5.170
392,1.780094271,HewlettP_7c:f9:c0,Broadcast,ARP,60,Who has 10.100.5.179? Tell 10.100.5.170
393,1.780095776,HewlettP_7c:f9:c0,Broadcast,ARP,60,Who has 10.100.5.180? Tell 10.100.5.170
394,1.780097243,HewlettP_7c:f9:c0,Broadcast,ARP,60,Who has 10.100.5.208? Tell 10.100.5.170
395,1.780099267,HewlettP_7c:f9:c0,Broadcast,ARP,60,Who has 10.100.5.214? Tell 10.100.5.170
396,1.780100857,HewlettP_7c:f9:c0,Broadcast,ARP,60,Who has 10.100.5.220? Tell 10.100.5.170
397,1.795261786,Routerbo_25:87:57,Broadcast,ARP,60,Who has 10.100.5.208? Tell 10.100.5.3
398,1.83228201,HewlettP_8d:1e:99,Broadcast,ARP,60,Who has 10.100.15.3? Tell 10.100.15.253
399,1.84218158,10.100.5.139,10.100.5.255,UDP,82,56453  >  1947 Len=40
400,1.844864642,HewlettP_85:15:51,Broadcast,ARP,60,Who has 10.100.5.167? Tell 10.100.5.64
401,1.875238472,HewlettP_7c:f9:c3,Broadcast,ARP,60,Who has 10.100.5.199? Tell 10.100.5.165
402,1.876872336,HewlettP_85:15:51,Broadcast,ARP,60,Who has 10.100.5.168? Tell 10.100.5.64
403,1.885218548,HewlettP_7c:f9:c3,Broadcast,ARP,60,Who has 10.100.5.200? Tell 10.100.5.165
404,1.890023844,HewlettP_7c:f9:c0,Broadcast,ARP,60,Who has 10.100.5.235? Tell 10.100.5.170
405,1.890027811,HewlettP_7c:f9:c0,Broadcast,ARP,60,Who has 10.100.5.237? Tell 10.100.5.170
406,1.900909912,Routerbo_25:87:57,HewlettP_85:14:b4,ARP,60,Who has 10.100.5.162? Tell 10.100.5.3
407,1.914989527,HewlettP_7c:f9:c3,Broadcast,ARP,60,Who has 10.100.5.201? Tell 10.100.5.165
408,1.92358369,HewlettP_7c:f9:c3,Broadcast,ARP,60,Who has 10.100.5.203? Tell 10.100.5.165
409,1.937836485,HewlettP_7c:f9:c3,Broadcast,ARP,60,Who has 10.100.5.202? Tell 10.100.5.165
410,1.953000288,fe80::25e5:12ad:67fa:6fe0,ff02::1:3,LLMNR,99,Standard query 0xc86e A donate-v2-xxxxx-com
411,1.953311153,10.100.5.159,224.0.0.252,LLMNR,79,Standard query 0xc86e A donate-v2-xxxxx-com
412,1.960210718,10.100.5.1,224.0.0.2,HSRP,62,Hello (state Active)
413,1.984777258,10.100.5.165,10.100.5.255,NBNS,92,Name query NB WPAD<00>
414,1.990038104,HewlettP_7c:f9:c0,Broadcast,ARP,60,Who has 10.100.5.236? Tell 10.100.5.170
415,2.000265024,fe80::c949:3f4a:2ae8:bc93,ff02::1:3,LLMNR,99,Standard query 0x0968 A donate-v2-xxxxx-com
416,2.000580969,10.100.5.142,224.0.0.252,LLMNR,79,Standard query 0x0968 A donate-v2-xxxxx-com
417,2.002892613,10.100.5.64,10.100.5.172,TCP,62,59252  >  445 [SYN] Seq=0 Win=8192 Len=0 MSS=1460 SACK_PERM=1
418,2.032547374,10.100.5.249,230.0.0.1,UDP,92,54075  >  6666 Len=50
419,2.042889796,10.100.5.64,10.100.5.171,TCP,62,59250  >  445 [SYN] Seq=0 Win=8192 Len=0 MSS=1460 SACK_PERM=1
420,2.053235078,fe80::25e5:12ad:67fa:6fe0,ff02::1:3,LLMNR,99,Standard query 0xc86e A donate-v2-xxxxx-com
421,2.053238067,10.100.5.159,224.0.0.252,LLMNR,79,Standard query 0xc86e A donate-v2-xxxxx-com
422,2.057240988,HewlettP_81:a9:af,Broadcast,ARP,60,Who has 10.100.5.51? Tell 10.100.5.177
423,2.060963456,Cisco_92:4f:b0,Spanning-tree-(for-bridges)_00,STP,60,RST. TC + Root = 4096/24/00:24:50:b5:d8:00  Cost = 25  Port = 0x8030
424,2.067304993,HewlettP_81:a9:af,Broadcast,ARP,60,Who has 10.100.5.52? Tell 10.100.5.177
425,2.085693316,HewlettP_81:a9:af,Broadcast,ARP,60,Who has 10.100.5.53? Tell 10.100.5.177
426,2.094953072,HewlettP_81:a9:af,Broadcast,ARP,60,Who has 10.100.5.54? Tell 10.100.5.177
427,2.100010552,fe80::c949:3f4a:2ae8:bc93,ff02::1:3,LLMNR,99,Standard query 0x0968 A donate-v2-xxxxx-com
428,2.10001421,10.100.5.142,224.0.0.252,LLMNR,79,Standard query 0x0968 A donate-v2-xxxxx-com
429,2.102993729,HewlettP_81:a9:af,Broadcast,ARP,60,Who has 10.100.5.55? Tell 10.100.5.177
430,2.117059325,HewlettP_81:a9:af,Broadcast,ARP,60,Who has 10.100.5.56? Tell 10.100.5.177
431,2.117063611,HewlettP_81:a9:af,Broadcast,ARP,60,Who has 10.100.5.57? Tell 10.100.5.177
432,2.127128506,HewlettP_81:a9:af,Broadcast,ARP,60,Who has 10.100.5.58? Tell 10.100.5.177
433,2.137241706,HewlettP_81:a9:af,Broadcast,ARP,60,Who has 10.100.5.59? Tell 10.100.5.177
434,2.140358441,fe80::3025:a32d:a04f:2b49,ff02::1:3,LLMNR,99,Standard query 0x9afd A donate-v2-xxxxx-com
435,2.149598454,10.100.5.169,224.0.0.252,LLMNR,79,Standard query 0x9afd A donate-v2-xxxxx-com
436,2.158072637,10.100.5.240,10.100.5.242,SNMP,99,get-response 1.3.6.1.4.1.236.11.5.11.53.31.1.116.0
437,2.170995271,fe80::9046:95fe:daaf:1722,ff02::1:3,LLMNR,99,Standard query 0xc0b6 A donate-v2-xxxxx-com
438,2.171314776,10.100.5.158,224.0.0.252,LLMNR,79,Standard query 0xc0b6 A donate-v2-xxxxx-com
439,2.173931649,10.100.5.1,224.0.0.2,HSRP,62,Hello (state Active)
440,2.180072069,fe80::945b:110f:5ecd:627d,ff02::1:3,LLMNR,99,Standard query 0xdae2 A donate-v2-xxxxx-com
441,2.180383294,10.100.5.83,224.0.0.252,LLMNR,79,Standard query 0xdae2 A donate-v2-xxxxx-com
442,2.182870729,HewlettP_81:a9:af,Broadcast,ARP,60,Who has 10.100.5.62? Tell 10.100.5.177
443,2.18341898,HewlettP_88:85:71,Broadcast,ARP,60,Who has 10.100.5.177? Tell 10.100.5.62
444,2.192840867,HewlettP_85:15:51,Broadcast,ARP,60,Who has 10.100.5.130? Tell 10.100.5.64
445,2.192844897,HewlettP_85:15:51,Broadcast,ARP,60,Who has 10.100.5.133? Tell 10.100.5.64
446,2.192846531,HewlettP_85:15:51,Broadcast,ARP,60,Who has 10.100.5.136? Tell 10.100.5.64
447,2.192848136,HewlettP_85:15:51,Broadcast,ARP,60,Who has 10.100.5.140? Tell 10.100.5.64
448,2.192849705,HewlettP_85:15:51,Broadcast,ARP,60,Who has 10.100.5.164? Tell 10.100.5.64
449,2.199966619,HewlettP_7c:f9:c0,Broadcast,ARP,60,Who has 10.100.5.238? Tell 10.100.5.170
450,2.202900462,10.100.5.64,10.100.5.178,TCP,62,59263  >  445 [SYN] Seq=0 Win=8192 Len=0 MSS=1460 SACK_PERM=1
451,2.206925971,HewlettP_85:15:51,Broadcast,ARP,60,Who has 10.100.5.179? Tell 10.100.5.64
452,2.232923873,HewlettP_85:15:51,Broadcast,ARP,60,Who has 10.100.5.180? Tell 10.100.5.64
453,2.239903722,fe80::3025:a32d:a04f:2b49,ff02::1:3,LLMNR,99,Standard query 0x9afd A donate-v2-xxxxx-com
454,2.241747683,10.100.5.169,224.0.0.252,LLMNR,79,Standard query 0x9afd A donate-v2-xxxxx-com
455,2.24235258,fe80::8044:8ceb:8945:3fde,ff02::1:2,DHCPv6,155,Solicit XID: 0xbcce0b CID: 0001000123192a36a0481c81aa27 
456,2.243725396,HewlettP_87:cb:9f,Broadcast,ARP,60,Who has 10.100.5.2? Tell 10.100.5.169
457,2.243730254,HewlettP_87:cb:9f,Broadcast,ARP,60,Who has 10.100.5.8? Tell 10.100.5.169
458,2.243732093,HewlettP_87:cb:9f,Broadcast,ARP,60,Who has 10.100.5.5? Tell 10.100.5.169
459,2.243733769,HewlettP_87:cb:9f,Broadcast,ARP,60,Who has 10.100.5.11? Tell 10.100.5.169
460,2.243735344,HewlettP_87:cb:9f,Broadcast,ARP,60,Who has 10.100.5.14? Tell 10.100.5.169
461,2.24373701,HewlettP_87:cb:9f,Broadcast,ARP,60,Who has 10.100.5.7? Tell 10.100.5.169
462,2.243738706,HewlettP_87:cb:9f,Broadcast,ARP,60,Who has 10.100.5.15? Tell 10.100.5.169
463,2.24374031,HewlettP_87:cb:9f,Broadcast,ARP,60,Who has 10.100.5.12? Tell 10.100.5.169
464,2.243741863,HewlettP_87:cb:9f,Broadcast,ARP,60,Who has 10.100.5.6? Tell 10.100.5.169
465,2.243743603,HewlettP_87:cb:9f,Broadcast,ARP,60,Who has 10.100.5.9? Tell 10.100.5.169
466,2.243745184,HewlettP_87:cb:9f,Broadcast,ARP,60,Who has 10.100.5.13? Tell 10.100.5.169
467,2.244031536,HewlettP_87:cb:9f,Broadcast,ARP,60,Who has 10.100.5.17? Tell 10.100.5.169
468,2.244035512,HewlettP_87:cb:9f,Broadcast,ARP,60,Who has 10.100.5.10? Tell 10.100.5.169
469,2.244037193,HewlettP_87:cb:9f,Broadcast,ARP,60,Who has 10.100.5.18? Tell 10.100.5.169
470,2.244038749,HewlettP_87:cb:9f,Broadcast,ARP,60,Who has 10.100.5.16? Tell 10.100.5.169
471,2.244040388,HewlettP_87:cb:9f,Broadcast,ARP,60,Who has 10.100.5.19? Tell 10.100.5.169
472,2.244041876,HewlettP_87:cb:9f,Broadcast,ARP,60,Who has 10.100.5.67? Tell 10.100.5.169
473,2.255363287,HewlettP_7c:f9:c3,Broadcast,ARP,60,Who has 10.100.5.205? Tell 10.100.5.165
474,2.260113837,HewlettP_7c:f9:c3,Broadcast,ARP,60,Who has 10.100.5.204? Tell 10.100.5.165
475,2.265152901,HewlettP_7c:f9:c3,Broadcast,ARP,60,Who has 10.100.5.206? Tell 10.100.5.165
476,2.270581819,fe80::9046:95fe:daaf:1722,ff02::1:3,LLMNR,99,Standard query 0xc0b6 A donate-v2-xxxxx-com
477,2.270594114,10.100.5.158,224.0.0.252,LLMNR,79,Standard query 0xc0b6 A donate-v2-xxxxx-com
478,2.270925121,HewlettP_90:89:c0,Broadcast,ARP,60,Who has 10.100.5.4? Tell 169.254.18.216
479,2.275234572,HewlettP_7c:f9:c3,Broadcast,ARP,60,Who has 10.100.5.207? Tell 10.100.5.165
480,2.279658759,fe80::945b:110f:5ecd:627d,ff02::1:3,LLMNR,99,Standard query 0xdae2 A donate-v2-xxxxx-com
481,2.279661722,10.100.5.83,224.0.0.252,LLMNR,79,Standard query 0xdae2 A donate-v2-xxxxx-com
482,2.279948685,HewlettP_7c:f9:c0,Broadcast,ARP,60,Who has 10.100.5.147? Tell 10.100.5.170
483,2.279952575,HewlettP_7c:f9:c0,Broadcast,ARP,60,Who has 10.100.5.145? Tell 10.100.5.170
484,2.279954337,HewlettP_7c:f9:c0,Broadcast,ARP,60,Who has 10.100.5.140? Tell 10.100.5.170
485,2.279956104,HewlettP_7c:f9:c0,Broadcast,ARP,60,Who has 10.100.5.167? Tell 10.100.5.170
486,2.279957575,HewlettP_7c:f9:c0,Broadcast,ARP,60,Who has 10.100.5.192? Tell 10.100.5.170
487,2.279959067,HewlettP_7c:f9:c0,Broadcast,ARP,60,Who has 10.100.5.164? Tell 10.100.5.170
488,2.279960536,HewlettP_7c:f9:c0,Broadcast,ARP,60,Who has 10.100.5.196? Tell 10.100.5.170
489,2.279962024,HewlettP_7c:f9:c0,Broadcast,ARP,60,Who has 10.100.5.182? Tell 10.100.5.170
490,2.279963478,HewlettP_7c:f9:c0,Broadcast,ARP,60,Who has 10.100.5.232? Tell 10.100.5.170
491,2.279965001,HewlettP_7c:f9:c0,Broadcast,ARP,60,Who has 10.100.5.230? Tell 10.100.5.170
492,2.279966489,HewlettP_7c:f9:c0,Broadcast,ARP,60,Who has 10.100.5.231? Tell 10.100.5.170
493,2.279967958,HewlettP_7c:f9:c0,Broadcast,ARP,60,Who has 10.100.5.233? Tell 10.100.5.170
494,2.279969421,HewlettP_7c:f9:c0,Broadcast,ARP,60,Who has 10.100.5.225? Tell 10.100.5.170
495,2.27997094,HewlettP_7c:f9:c0,Broadcast,ARP,60,Who has 10.100.5.226? Tell 10.100.5.170
496,2.279972389,HewlettP_7c:f9:c0,Broadcast,ARP,60,Who has 10.100.5.227? Tell 10.100.5.170
497,2.279973915,HewlettP_7c:f9:c0,Broadcast,ARP,60,Who has 10.100.5.229? Tell 10.100.5.170
498,2.280260883,HewlettP_7c:f9:c0,Broadcast,ARP,60,Who has 10.100.5.228? Tell 10.100.5.170
499,2.280265186,HewlettP_7c:f9:c0,Broadcast,ARP,60,Who has 10.100.5.234? Tell 10.100.5.170
1,0,HewlettP_7c:f9:c0,Broadcast,ARP,60,Who has 10.100.5.105? Tell 10.100.5.170
2,2.0335E-05,HewlettP_7c:f9:c0,Broadcast,ARP,60,Who has 10.100.5.110? Tell 10.100.5.170
3,2.2958E-05,HewlettP_7c:f9:c0,Broadcast,ARP,60,Who has 10.100.5.107? Tell 10.100.5.170
4,2.5095E-05,HewlettP_7c:f9:c0,Broadcast,ARP,60,Who has 10.100.5.108? Tell 10.100.5.170
5,2.7436E-05,HewlettP_7c:f9:c0,Broadcast,ARP,60,Who has 10.100.5.109? Tell 10.100.5.170
6,2.9473E-05,HewlettP_7c:f9:c0,Broadcast,ARP,60,Who has 10.100.5.111? Tell 10.100.5.170
7,0.000305707,fe80::c949:3f4a:2ae8:bc93,ff02::1:3,LLMNR,99,Standard query 0xc46a A donate-v2-xxxxx-com
8,0.000316333,10.100.5.142,224.0.0.252,LLMNR,79,Standard query 0xc46a A donate-v2-xxxxx-com
9,0.018405993,10.100.5.1,224.0.0.2,HSRP,62,Hello (state Active)
10,0.030027168,HewlettP_7c:f9:c0,Broadcast,ARP,60,Who has 10.100.5.112? Tell 10.100.5.170
11,0.031009572,10.100.5.249,230.0.0.1,UDP,92,54075  >  6666 Len=50
12,0.036701611,HewlettP_81:a9:af,Broadcast,ARP,60,Who has 10.100.5.5? Tell 10.100.5.177
13,0.03670559,HewlettP_81:a9:af,Broadcast,ARP,60,Who has 10.100.5.7? Tell 10.100.5.177
14,0.036707121,HewlettP_81:a9:af,Broadcast,ARP,60,Who has 10.100.5.10? Tell 10.100.5.177
15,0.036708624,HewlettP_81:a9:af,Broadcast,ARP,60,Who has 10.100.5.8? Tell 10.100.5.177
16,0.036710059,HewlettP_81:a9:af,Broadcast,ARP,60,Who has 10.100.5.9? Tell 10.100.5.177
17,0.036711612,HewlettP_81:a9:af,Broadcast,ARP,60,Who has 10.100.5.6? Tell 10.100.5.177
18,0.03671314,HewlettP_81:a9:af,Broadcast,ARP,60,Who has 10.100.5.11? Tell 10.100.5.177
19,0.03671464,HewlettP_81:a9:af,Broadcast,ARP,60,Who has 10.100.5.19? Tell 10.100.5.177
20,0.036716132,HewlettP_81:a9:af,Broadcast,ARP,60,Who has 10.100.5.17? Tell 10.100.5.177
21,0.036717584,HewlettP_81:a9:af,Broadcast,ARP,60,Who has 10.100.5.13? Tell 10.100.5.177
22,0.037013831,HewlettP_81:a9:af,Broadcast,ARP,60,Who has 10.100.5.16? Tell 10.100.5.177
23,0.037017678,HewlettP_81:a9:af,Broadcast,ARP,60,Who has 10.100.5.15? Tell 10.100.5.177
24,0.037019232,HewlettP_81:a9:af,Broadcast,ARP,60,Who has 10.100.5.14? Tell 10.100.5.177
25,0.037020715,HewlettP_81:a9:af,Broadcast,ARP,60,Who has 10.100.5.18? Tell 10.100.5.177
26,0.041084916,Cisco_92:4f:b0,Spanning-tree-(for-bridges)_00,STP,60,RST. Root = 4096/24/00:24:50:b5:d8:00  Cost = 25  Port = 0x8030
27,0.053092602,fe80::25e5:12ad:67fa:6fe0,ff02::1:3,LLMNR,99,Standard query 0xf9a2 A donate-v2-xxxxx-com
28,0.053095585,10.100.5.159,224.0.0.252,LLMNR,79,Standard query 0xf9a2 A donate-v2-xxxxx-com
29,0.060000806,HewlettP_7c:f9:c0,Broadcast,ARP,60,Who has 10.100.5.118? Tell 10.100.5.170
30,0.096435786,HewlettP_85:c9:b1,Broadcast,ARP,60,Who has 10.100.5.67? Tell 10.100.5.160
31,0.09989064,fe80::c949:3f4a:2ae8:bc93,ff02::1:3,LLMNR,99,Standard query 0xc46a A donate-v2-xxxxx-com
32,0.099893415,10.100.5.142,224.0.0.252,LLMNR,79,Standard query 0xc46a A donate-v2-xxxxx-com
33,0.10274721,HewlettP_85:15:51,Broadcast,ARP,60,Who has 10.100.5.123? Tell 10.100.5.64
34,0.102751454,HewlettP_85:15:51,Broadcast,ARP,60,Who has 10.100.5.124? Tell 10.100.5.64
35,0.141599172,fe80::945b:110f:5ecd:627d,ff02::1:3,LLMNR,99,Standard query 0xf876 A donate-v2-xxxxx-com
36,0.141909722,10.100.5.83,224.0.0.252,LLMNR,79,Standard query 0xf876 A donate-v2-xxxxx-com
37,0.149796354,10.100.5.142,239.255.255.250,SSDP,175,M-SEARCH * HTTP/1.1 
38,0.159985698,10.100.5.170,10.100.5.253,TCP,62,53428  >  445 [SYN] Seq=0 Win=8192 Len=0 MSS=1460 SACK_PERM=1
39,0.159995627,10.100.5.253,10.100.5.170,TCP,54,"445  >  53428 [RST, ACK] Seq=1 Ack=1 Win=0 Len=0"
40,0.159997294,HewlettP_7c:f9:c0,Broadcast,ARP,60,Who has 10.100.5.128? Tell 10.100.5.170
41,0.159999838,HewlettP_7c:f9:c0,Broadcast,ARP,60,Who has 10.100.5.123? Tell 10.100.5.170
42,0.160001462,HewlettP_7c:f9:c0,Broadcast,ARP,60,Who has 10.100.5.124? Tell 10.100.5.170
43,0.170975204,fe80::9046:95fe:daaf:1722,ff02::1:3,LLMNR,99,Standard query 0x230f A donate-v2-xxxxx-com
44,0.171287615,10.100.5.158,224.0.0.252,LLMNR,79,Standard query 0x230f A donate-v2-xxxxx-com
45,0.174740678,HewlettP_85:15:51,Broadcast,ARP,60,Who has 10.100.5.128? Tell 10.100.5.64
46,0.175463564,fe80::c44:6931:2840:9414,ff02::1:3,LLMNR,99,Standard query 0xead7 A donate-v2-xxxxx-com
47,0.175774392,10.100.5.100,224.0.0.252,LLMNR,79,Standard query 0xead7 A donate-v2-xxxxx-com
48,0.188898208,fe80::a010:9f90:5032:73e1,ff02::1:3,LLMNR,84,Standard query 0x94d4 A wpad
49,0.189209723,10.100.5.165,224.0.0.252,LLMNR,64,Standard query 0x94d4 A wpad
50,0.192326992,fe80::e453:55bc:bd87:4645,ff02::1:2,DHCPv6,156,Solicit XID: 0xb5107c CID: 0001000123192a36a0481c81aa27 
51,0.19268032,HewlettP_85:15:51,Broadcast,ARP,60,Who has 10.100.5.99? Tell 10.100.5.64
52,0.1926843,HewlettP_85:15:51,Broadcast,ARP,60,Who has 10.100.5.102? Tell 10.100.5.64
53,0.192685959,HewlettP_85:15:51,Broadcast,ARP,60,Who has 10.100.5.103? Tell 10.100.5.64
54,0.192687516,HewlettP_85:15:51,Broadcast,ARP,60,Who has 10.100.5.105? Tell 10.100.5.64
55,0.192689137,HewlettP_85:15:51,Broadcast,ARP,60,Who has 10.100.5.107? Tell 10.100.5.64
56,0.192690608,HewlettP_85:15:51,Broadcast,ARP,60,Who has 10.100.5.109? Tell 10.100.5.64
57,0.192692104,HewlettP_85:15:51,Broadcast,ARP,60,Who has 10.100.5.108? Tell 10.100.5.64
58,0.192693623,HewlettP_85:15:51,Broadcast,ARP,60,Who has 10.100.5.110? Tell 10.100.5.64
59,0.192695137,HewlettP_85:15:51,Broadcast,ARP,60,Who has 10.100.5.111? Tell 10.100.5.64
60,0.192696589,HewlettP_85:15:51,Broadcast,ARP,60,Who has 10.100.5.112? Tell 10.100.5.64
61,0.210726093,10.100.5.1,224.0.0.2,HSRP,62,Hello (state Active)
62,0.234749896,HewlettP_85:15:51,Broadcast,ARP,60,Who has 10.100.5.130? Tell 10.100.5.64
63,0.239692795,fe80::945b:110f:5ecd:627d,ff02::1:3,LLMNR,99,Standard query 0xf876 A donate-v2-xxxxx-com
64,0.240007168,10.100.5.83,224.0.0.252,LLMNR,79,Standard query 0xf876 A donate-v2-xxxxx-com
65,0.259983769,HewlettP_7c:f9:c0,Broadcast,ARP,60,Who has 10.100.5.130? Tell 10.100.5.170
66,0.25998783,HewlettP_7c:f9:c0,Broadcast,ARP,60,Who has 10.100.5.133? Tell 10.100.5.170
67,0.259989466,HewlettP_7c:f9:c0,Broadcast,ARP,60,Who has 10.100.5.136? Tell 10.100.5.170
68,0.26965546,fe80::c44:6931:2840:9414,ff02::1:3,LLMNR,99,Standard query 0xead7 A donate-v2-xxxxx-com
69,0.269967802,10.100.5.100,224.0.0.252,LLMNR,79,Standard query 0xead7 A donate-v2-xxxxx-com
70,0.270517959,fe80::9046:95fe:daaf:1722,ff02::1:3,LLMNR,99,Standard query 0x230f A donate-v2-xxxxx-com
71,0.270520743,10.100.5.158,224.0.0.252,LLMNR,79,Standard query 0x230f A donate-v2-xxxxx-com
72,0.279924986,HewlettP_7c:f9:c0,Broadcast,ARP,60,Who has 10.100.5.182? Tell 10.100.5.170
73,0.279929142,HewlettP_7c:f9:c0,Broadcast,ARP,60,Who has 10.100.5.80? Tell 10.100.5.170
74,0.279930731,HewlettP_7c:f9:c0,Broadcast,ARP,60,Who has 10.100.5.81? Tell 10.100.5.170
75,0.27993223,HewlettP_7c:f9:c0,Broadcast,ARP,60,Who has 10.100.5.254? Tell 10.100.5.170
76,0.284673675,HewlettP_87:cb:9f,Broadcast,ARP,60,Who has 10.100.5.2? Tell 10.100.5.169
77,0.284986208,fe80::a010:9f90:5032:73e1,ff02::1:3,LLMNR,84,Standard query 0x94d4 A wpad
78,0.285299307,10.100.5.165,224.0.0.252,LLMNR,64,Standard query 0x94d4 A wpad
79,0.325524256,10.100.5.212,239.255.255.250,SSDP,216,M-SEARCH * HTTP/1.1 
80,0.327694128,HewlettP_87:cb:9f,Broadcast,ARP,60,Who has 10.100.5.8? Tell 10.100.5.169
81,0.360008418,HewlettP_7c:f9:c0,Broadcast,ARP,60,Who has 10.100.5.147? Tell 10.100.5.170
82,0.368271555,fe80::892d:6dd5:3ac:2e40,ff02::1:3,LLMNR,99,Standard query 0xa785 A donate-v2-xxxxx-com
83,0.368571587,10.100.5.126,224.0.0.252,LLMNR,79,Standard query 0xa785 A donate-v2-xxxxx-com
84,0.37469988,HewlettP_87:cb:9f,Broadcast,ARP,60,Who has 10.100.5.5? Tell 10.100.5.169
85,0.384694347,HewlettP_87:cb:9f,Broadcast,ARP,60,Who has 10.100.5.11? Tell 10.100.5.169
86,0.386740714,10.100.5.1,224.0.0.2,HSRP,62,Hello (state Active)
87,0.389504052,10.100.5.249,230.0.0.1,UDP,92,53939  >  6666 Len=50
88,0.390029668,HewlettP_7c:f9:c0,Broadcast,ARP,60,Who has 10.100.5.145? Tell 10.100.5.170
89,0.390033426,HewlettP_7c:f9:c0,Broadcast,ARP,60,Who has 10.100.5.140? Tell 10.100.5.170
90,0.397684831,HewlettP_87:cb:9f,Broadcast,ARP,60,Who has 10.100.5.14? Tell 10.100.5.169
91,0.397688828,HewlettP_87:cb:9f,Broadcast,ARP,60,Who has 10.100.5.7? Tell 10.100.5.169
92,0.397690417,HewlettP_87:cb:9f,Broadcast,ARP,60,Who has 10.100.5.15? Tell 10.100.5.169
93,0.402782459,HewlettP_85:15:51,Broadcast,ARP,60,Who has 10.100.5.133? Tell 10.100.5.64
94,0.404659116,HewlettP_87:cb:9f,Broadcast,ARP,60,Who has 10.100.5.12? Tell 10.100.5.169
95,0.404662986,HewlettP_87:cb:9f,Broadcast,ARP,60,Who has 10.100.5.6? Tell 10.100.5.169
96,0.404664628,HewlettP_87:cb:9f,Broadcast,ARP,60,Who has 10.100.5.9? Tell 10.100.5.169
97,0.421836925,HewlettP_7c:f9:80,Broadcast,ARP,60,Who has 10.100.5.12? Tell 10.100.5.134
98,0.421841291,HewlettP_7c:f9:80,Broadcast,ARP,60,Who has 10.100.5.13? Tell 10.100.5.134
99,0.421842942,HewlettP_7c:f9:80,Broadcast,ARP,60,Who has 10.100.5.14? Tell 10.100.5.134
100,0.42184442,HewlettP_7c:f9:80,Broadcast,ARP,60,Who has 10.100.5.17? Tell 10.100.5.134
101,0.421845945,HewlettP_7c:f9:80,Broadcast,ARP,60,Who has 10.100.5.16? Tell 10.100.5.134
102,0.421847421,HewlettP_7c:f9:80,Broadcast,ARP,60,Who has 10.100.5.18? Tell 10.100.5.134
103,0.421848972,HewlettP_7c:f9:80,Broadcast,ARP,60,Who has 10.100.5.19? Tell 10.100.5.134
104,0.422819893,fe80::8044:8ceb:8945:3fde,ff02::1:3,LLMNR,99,Standard query 0xf991 A donate-v2-xxxxx-com
105,0.423133165,10.100.5.65,224.0.0.252,LLMNR,79,Standard query 0xf991 A donate-v2-xxxxx-com
106,0.427684223,HewlettP_87:cb:9f,Broadcast,ARP,60,Who has 10.100.5.13? Tell 10.100.5.169
107,0.427688172,HewlettP_87:cb:9f,Broadcast,ARP,60,Who has 10.100.5.17? Tell 10.100.5.169
108,0.440297818,10.100.5.176,239.255.255.250,SSDP,215,M-SEARCH * HTTP/1.1 
109,0.464683731,HewlettP_87:cb:9f,Broadcast,ARP,60,Who has 10.100.5.10? Tell 10.100.5.169
110,0.467965774,fe80::892d:6dd5:3ac:2e40,ff02::1:3,LLMNR,99,Standard query 0xa785 A donate-v2-xxxxx-com
111,0.468280537,10.100.5.126,224.0.0.252,LLMNR,79,Standard query 0xa785 A donate-v2-xxxxx-com
112,0.485062033,10.100.5.165,10.100.5.255,NBNS,92,Name query NB WPAD<00>
113,0.49524705,fe80::b54b:3c58:a175:7519,ff02::c,SSDP,181,M-SEARCH * HTTP/1.1 
114,0.495557614,10.100.5.177,239.255.255.250,SSDP,167,M-SEARCH * HTTP/1.1 
115,0.49587959,fe80::b54b:3c58:a175:7519,ff02::c,SSDP,179,M-SEARCH * HTTP/1.1 
116,0.495882387,10.100.5.177,239.255.255.250,SSDP,165,M-SEARCH * HTTP/1.1 
117,0.497663905,HewlettP_87:cb:9f,Broadcast,ARP,60,Who has 10.100.5.18? Tell 10.100.5.169
118,0.497668019,HewlettP_87:cb:9f,Broadcast,ARP,60,Who has 10.100.5.16? Tell 10.100.5.169
119,0.502765124,HewlettP_85:15:51,Broadcast,ARP,60,Who has 10.100.5.136? Tell 10.100.5.64
120,0.52222776,fe80::8044:8ceb:8945:3fde,ff02::1:3,LLMNR,99,Standard query 0xf991 A donate-v2-xxxxx-com
121,0.522230841,10.100.5.65,224.0.0.252,LLMNR,79,Standard query 0xf991 A donate-v2-xxxxx-com
122,0.529972601,HewlettP_7c:f9:c0,Broadcast,ARP,60,Who has 10.100.5.167? Tell 10.100.5.170
123,0.53669665,HewlettP_81:a9:af,Broadcast,ARP,60,Who has 10.100.5.12? Tell 10.100.5.177
124,0.536700556,HewlettP_81:a9:af,Broadcast,ARP,60,Who has 10.100.5.50? Tell 10.100.5.177
125,0.536702102,HewlettP_81:a9:af,Broadcast,ARP,60,Who has 10.100.5.48? Tell 10.100.5.177
126,0.536703645,HewlettP_85:15:51,Broadcast,ARP,60,Who has 10.100.5.140? Tell 10.100.5.64
127,0.564707568,HewlettP_87:cb:9f,Broadcast,ARP,60,Who has 10.100.5.19? Tell 10.100.5.169
128,0.578702343,10.100.5.1,224.0.0.2,HSRP,62,Hello (state Active)
129,0.581944366,10.100.5.249,230.0.0.1,UDP,92,57113  >  6666 Len=50
130,0.582256256,10.100.5.249,230.0.0.1,UDP,92,63442  >  6666 Len=50
131,0.595151433,fe80::3d72:6b7f:aa2:682a,ff02::1:3,LLMNR,99,Standard query 0x8017 A donate-v2-xxxxx-com
132,0.595462172,10.100.5.146,224.0.0.252,LLMNR,79,Standard query 0x8017 A donate-v2-xxxxx-com
133,0.599994109,HewlettP_7c:f9:c0,Broadcast,ARP,60,Who has 10.100.5.192? Tell 10.100.5.170
134,0.606593299,HewlettP_7c:f9:c3,Broadcast,ARP,60,Who has 10.100.5.195? Tell 10.100.5.165
135,0.614623555,HewlettP_7c:f9:c3,Broadcast,ARP,60,Who has 10.100.5.192? Tell 10.100.5.165
136,0.614974708,HewlettP_7c:f9:c3,Broadcast,ARP,60,Who has 10.100.5.193? Tell 10.100.5.165
137,0.616938858,HewlettP_7c:f9:c3,Broadcast,ARP,60,Who has 10.100.5.194? Tell 10.100.5.165
138,0.620729361,HewlettP_7c:f8:51,Broadcast,ARP,60,Who has 10.100.5.246? Tell 10.100.5.126
139,0.630002069,HewlettP_7c:f9:c0,Broadcast,ARP,60,Who has 10.100.5.164? Tell 10.100.5.170
140,0.650979627,fe80::7cc4:3f70:1dfe:9287,ff02::1:3,LLMNR,99,Standard query 0x4cd2 A donate-v2-xxxxx-com
141,0.651290827,10.100.5.176,224.0.0.252,LLMNR,79,Standard query 0x4cd2 A donate-v2-xxxxx-com
142,0.659973815,10.100.5.170,10.100.5.253,TCP,62,[TCP Retransmission] 53428  >  445 [SYN] Seq=0 Win=8192 Len=0 MSS=1460 SACK_PERM=1
143,0.659986478,10.100.5.253,10.100.5.170,TCP,54,"445  >  53428 [RST, ACK] Seq=1 Ack=1 Win=0 Len=0"
144,0.667820038,10.100.5.250,230.0.0.1,UDP,92,55865  >  6666 Len=50
145,0.687427351,fe80::3d72:6b7f:aa2:682a,ff02::1:3,LLMNR,99,Standard query 0x8017 A donate-v2-xxxxx-com
146,0.687430449,10.100.5.146,224.0.0.252,LLMNR,79,Standard query 0x8017 A donate-v2-xxxxx-com
147,0.689439011,fe80::7808:354:b33a:e554,ff02::1:3,LLMNR,99,Standard query 0x8a99 A donate-v2-xxxxx-com
148,0.689739232,10.100.5.115,224.0.0.252,LLMNR,79,Standard query 0x8a99 A donate-v2-xxxxx-com
149,0.692819516,HewlettP_85:15:51,Broadcast,ARP,60,Who has 10.100.5.80? Tell 10.100.5.64
150,0.692824046,HewlettP_85:15:51,Broadcast,ARP,60,Who has 10.100.5.81? Tell 10.100.5.64
151,0.692825669,HewlettP_85:15:51,Broadcast,ARP,60,Who has 10.100.5.90? Tell 10.100.5.64
152,0.692827175,HewlettP_85:15:51,Broadcast,ARP,60,Who has 10.100.5.118? Tell 10.100.5.64
153,0.692828769,HewlettP_85:15:51,Broadcast,ARP,60,Who has 10.100.5.123? Tell 10.100.5.64
154,0.692830407,HewlettP_85:15:51,Broadcast,ARP,60,Who has 10.100.5.124? Tell 10.100.5.64
155,0.692831957,HewlettP_85:15:51,Broadcast,ARP,60,Who has 10.100.5.128? Tell 10.100.5.64
156,0.699992119,HewlettP_7c:f9:c0,Broadcast,ARP,60,Who has 10.100.5.196? Tell 10.100.5.170
157,0.700756465,10.100.5.116,10.100.5.255,UDP,82,50581  >  1947 Len=40
158,0.725786198,10.100.5.249,230.0.0.1,UDP,219,53939  >  6666 Len=177
159,0.732791829,HewlettP_85:15:51,Broadcast,ARP,60,Who has 10.100.5.145? Tell 10.100.5.64
160,0.744784711,HewlettP_85:15:51,Broadcast,ARP,60,Who has 10.100.5.147? Tell 10.100.5.64
161,0.750394237,fe80::7cc4:3f70:1dfe:9287,ff02::1:3,LLMNR,99,Standard query 0x4cd2 A donate-v2-xxxxx-com
162,0.750705032,10.100.5.176,224.0.0.252,LLMNR,79,Standard query 0x4cd2 A donate-v2-xxxxx-com
163,0.754586548,10.100.5.1,224.0.0.2,HSRP,62,Hello (state Active)
164,0.756663747,HewlettP_87:cb:9f,Broadcast,ARP,60,Who has 10.100.5.48? Tell 10.100.5.169
165,0.756673502,HewlettP_87:cb:9f,Broadcast,ARP,60,Who has 10.100.5.42? Tell 10.100.5.169
166,0.764388451,10.100.5.137,255.255.255.255,UDP,82,54016  >  1947 Len=40
167,0.774718464,HewlettP_87:cb:9f,Broadcast,ARP,60,Who has 10.100.5.43? Tell 10.100.5.169
168,0.779929286,HewlettP_7c:f9:c0,Broadcast,ARP,60,Who has 10.100.5.90? Tell 10.100.5.170
169,0.779933313,HewlettP_7c:f9:c0,Broadcast,ARP,60,Who has 10.100.5.99? Tell 10.100.5.170
170,0.779934863,HewlettP_7c:f9:c0,Broadcast,ARP,60,Who has 10.100.5.102? Tell 10.100.5.170
171,0.779936451,HewlettP_7c:f9:c0,Broadcast,ARP,60,Who has 10.100.5.103? Tell 10.100.5.170
172,0.779938005,HewlettP_7c:f9:c0,Broadcast,ARP,60,Who has 10.100.5.105? Tell 10.100.5.170
173,0.779939543,HewlettP_7c:f9:c0,Broadcast,ARP,60,Who has 10.100.5.110? Tell 10.100.5.170
174,0.779941019,HewlettP_7c:f9:c0,Broadcast,ARP,60,Who has 10.100.5.107? Tell 10.100.5.170
175,0.779942544,HewlettP_7c:f9:c0,Broadcast,ARP,60,Who has 10.100.5.108? Tell 10.100.5.170
176,0.779943991,HewlettP_7c:f9:c0,Broadcast,ARP,60,Who has 10.100.5.109? Tell 10.100.5.170
177,0.779945439,HewlettP_7c:f9:c0,Broadcast,ARP,60,Who has 10.100.5.111? Tell 10.100.5.170
178,0.78024082,HewlettP_7c:f9:c0,Broadcast,ARP,60,Who has 10.100.5.112? Tell 10.100.5.170
179,0.780244613,HewlettP_7c:f9:c0,Broadcast,ARP,60,Who has 10.100.5.118? Tell 10.100.5.170
180,0.780246246,HewlettP_7c:f9:c0,Broadcast,ARP,60,Who has 10.100.5.128? Tell 10.100.5.170
181,0.780247702,HewlettP_7c:f9:c0,Broadcast,ARP,60,Who has 10.100.5.123? Tell 10.100.5.170
182,0.780249151,HewlettP_7c:f9:c0,Broadcast,ARP,60,Who has 10.100.5.124? Tell 10.100.5.170
183,0.780250614,HewlettP_7c:f9:c0,Broadcast,ARP,60,Who has 10.100.5.130? Tell 10.100.5.170
184,0.780252176,HewlettP_7c:f9:c0,Broadcast,ARP,60,Who has 10.100.5.133? Tell 10.100.5.170
185,0.780253629,HewlettP_7c:f9:c0,Broadcast,ARP,60,Who has 10.100.5.136? Tell 10.100.5.170
186,0.789233869,fe80::7808:354:b33a:e554,ff02::1:3,LLMNR,99,Standard query 0x8a99 A donate-v2-xxxxx-com
187,0.789545503,10.100.5.115,224.0.0.252,LLMNR,79,Standard query 0x8a99 A donate-v2-xxxxx-com
188,0.827731362,HewlettP_87:cb:9f,Broadcast,ARP,60,Who has 10.100.5.50? Tell 10.100.5.169
189,0.876723555,fe80::54f:9c8f:723f:a4aa,ff02::1:3,LLMNR,99,Standard query 0x828c A donate-v2-xxxxx-com
190,0.877035357,10.100.5.106,224.0.0.252,LLMNR,79,Standard query 0x828c A donate-v2-xxxxx-com
191,0.918648564,HewlettP_85:ca:a4,Broadcast,ARP,60,Who has 10.100.5.132? Tell 10.100.5.144
192,0.92016994,HewlettP_81:a8:41,Broadcast,ARP,60,Who has 10.100.5.144? Tell 10.100.5.132
193,0.927750586,HewlettP_87:cb:9f,Broadcast,ARP,60,Who has 10.100.5.60? Tell 10.100.5.169
194,0.929187432,fe80::24d3:ce4e:3c56:3962,ff02::1:3,LLMNR,99,Standard query 0xec3f A donate-v2-xxxxx-com
195,0.929496841,10.100.5.170,224.0.0.252,LLMNR,79,Standard query 0xec3f A donate-v2-xxxxx-com
196,0.92991946,HewlettP_7c:f9:c0,Broadcast,ARP,60,Who has 10.100.5.168? Tell 10.100.5.170
197,0.950719581,10.100.5.1,224.0.0.2,HSRP,62,Hello (state Active)
198,0.976166449,fe80::54f:9c8f:723f:a4aa,ff02::1:3,LLMNR,99,Standard query 0x828c A donate-v2-xxxxx-com
199,0.976479809,10.100.5.106,224.0.0.252,LLMNR,79,Standard query 0x828c A donate-v2-xxxxx-com
200,0.990114929,HewlettP_7c:f9:c0,Broadcast,ARP,60,Who has 10.100.5.179? Tell 10.100.5.170
201,0.990118917,HewlettP_7c:f9:c0,Broadcast,ARP,60,Who has 10.100.5.180? Tell 10.100.5.170
202,1.020055162,fe80::24d3:ce4e:3c56:3962,ff02::1:3,LLMNR,99,Standard query 0xec3f A donate-v2-xxxxx-com
203,1.0200582,10.100.5.170,224.0.0.252,LLMNR,79,Standard query 0xec3f A donate-v2-xxxxx-com
204,1.03180096,10.100.5.249,230.0.0.1,UDP,92,54075  >  6666 Len=50
205,1.035765632,HewlettP_8d:1e:99,Broadcast,ARP,60,Who has 10.100.15.3? Tell 10.100.15.253
206,1.036718155,HewlettP_81:a9:af,Broadcast,ARP,60,Who has 10.100.5.19? Tell 10.100.5.177
207,1.036722052,HewlettP_81:a9:af,Broadcast,ARP,60,Who has 10.100.5.17? Tell 10.100.5.177
208,1.036723613,HewlettP_81:a9:af,Broadcast,ARP,60,Who has 10.100.5.13? Tell 10.100.5.177
209,1.03672526,HewlettP_81:a9:af,Broadcast,ARP,60,Who has 10.100.5.16? Tell 10.100.5.177
210,1.036726832,HewlettP_81:a9:af,Broadcast,ARP,60,Who has 10.100.5.15? Tell 10.100.5.177
211,1.036728283,HewlettP_81:a9:af,Broadcast,ARP,60,Who has 10.100.5.14? Tell 10.100.5.177
212,1.036729775,HewlettP_81:a9:af,Broadcast,ARP,60,Who has 10.100.5.18? Tell 10.100.5.177
213,1.059992196,HewlettP_7c:f9:c0,Broadcast,ARP,60,Who has 10.100.5.208? Tell 10.100.5.170
214,1.090041649,HewlettP_7c:f9:c0,Broadcast,ARP,60,Who has 10.100.5.214? Tell 10.100.5.170
215,1.101215072,fe80::f86a:5f2a:fee8:752c,ff02::1:3,LLMNR,99,Standard query 0x19d2 A donate-v2-xxxxx-com
216,1.101532093,10.100.5.116,224.0.0.252,LLMNR,79,Standard query 0x19d2 A donate-v2-xxxxx-com
217,1.114644198,HewlettP_7c:f9:c3,Broadcast,ARP,60,Who has 10.100.5.196? Tell 10.100.5.165
218,1.154361599,10.100.5.1,224.0.0.2,HSRP,62,Hello (state Active)
219,1.16001245,fe80::f847:cd40:4a24:19bb,ff02::1:3,LLMNR,99,Standard query 0xc4ce A donate-v2-xxxxx-com
220,1.160330932,10.100.5.119,224.0.0.252,LLMNR,79,Standard query 0xc4ce A donate-v2-xxxxx-com
221,1.177082879,fe80::b54b:3c58:a175:7519,ff02::1:3,LLMNR,99,Standard query 0xd3f7 A donate-v2-xxxxx-com
222,1.177385451,10.100.5.177,224.0.0.252,LLMNR,79,Standard query 0xd3f7 A donate-v2-xxxxx-com
223,1.192765112,HewlettP_85:15:51,Broadcast,ARP,60,Who has 10.100.5.99? Tell 10.100.5.64
224,1.192769482,HewlettP_85:15:51,Broadcast,ARP,60,Who has 10.100.5.102? Tell 10.100.5.64
225,1.192771116,HewlettP_85:15:51,Broadcast,ARP,60,Who has 10.100.5.103? Tell 10.100.5.64
226,1.19277263,HewlettP_85:15:51,Broadcast,ARP,60,Who has 10.100.5.105? Tell 10.100.5.64
227,1.192774303,HewlettP_85:15:51,Broadcast,ARP,60,Who has 10.100.5.107? Tell 10.100.5.64
228,1.192775837,HewlettP_85:15:51,Broadcast,ARP,60,Who has 10.100.5.109? Tell 10.100.5.64
229,1.192777384,HewlettP_85:15:51,Broadcast,ARP,60,Who has 10.100.5.108? Tell 10.100.5.64
230,1.192778863,HewlettP_85:15:51,Broadcast,ARP,60,Who has 10.100.5.110? Tell 10.100.5.64
231,1.192780332,HewlettP_85:15:51,Broadcast,ARP,60,Who has 10.100.5.111? Tell 10.100.5.64
232,1.192782036,HewlettP_85:15:51,Broadcast,ARP,60,Who has 10.100.5.112? Tell 10.100.5.64
233,1.193076043,HewlettP_85:15:51,Broadcast,ARP,60,Who has 10.100.5.130? Tell 10.100.5.64
234,1.193079978,HewlettP_85:15:51,Broadcast,ARP,60,Who has 10.100.5.133? Tell 10.100.5.64
235,1.193081586,HewlettP_85:15:51,Broadcast,ARP,60,Who has 10.100.5.136? Tell 10.100.5.64
236,1.193083165,HewlettP_85:15:51,Broadcast,ARP,60,Who has 10.100.5.140? Tell 10.100.5.64
237,1.193375661,fe80::5df5:7239:8933:d6a5,ff02::1:3,LLMNR,99,Standard query 0xcd41 A donate-v2-xxxxx-com
238,1.193378433,10.100.5.160,224.0.0.252,LLMNR,79,Standard query 0xcd41 A donate-v2-xxxxx-com
239,1.200009249,HewlettP_7c:f9:c0,Broadcast,ARP,60,Who has 10.100.5.220? Tell 10.100.5.170
240,1.200710304,fe80::f86a:5f2a:fee8:752c,ff02::1:3,LLMNR,99,Standard query 0x19d2 A donate-v2-xxxxx-com
241,1.201021437,10.100.5.116,224.0.0.252,LLMNR,79,Standard query 0x19d2 A donate-v2-xxxxx-com
242,1.206422742,10.100.5.249,230.0.0.1,UDP,219,54075  >  6666 Len=177
243,1.234693956,10.100.5.165,10.100.5.255,NBNS,92,Name query NB WPAD<00>
244,1.243638908,HewlettP_87:cb:9f,Broadcast,ARP,60,Who has 10.100.5.2? Tell 10.100.5.169
245,1.24364674,HewlettP_87:cb:9f,Broadcast,ARP,60,Who has 10.100.5.8? Tell 10.100.5.169
246,1.24364892,HewlettP_87:cb:9f,Broadcast,ARP,60,Who has 10.100.5.5? Tell 10.100.5.169
247,1.24365093,HewlettP_87:cb:9f,Broadcast,ARP,60,Who has 10.100.5.11? Tell 10.100.5.169
248,1.243653234,HewlettP_87:cb:9f,Broadcast,ARP,60,Who has 10.100.5.14? Tell 10.100.5.169
249,1.24365529,HewlettP_87:cb:9f,Broadcast,ARP,60,Who has 10.100.5.7? Tell 10.100.5.169
250,1.243906916,HewlettP_87:cb:9f,Broadcast,ARP,60,Who has 10.100.5.15? Tell 10.100.5.169
251,1.243911383,HewlettP_87:cb:9f,Broadcast,ARP,60,Who has 10.100.5.12? Tell 10.100.5.169
252,1.243913498,HewlettP_87:cb:9f,Broadcast,ARP,60,Who has 10.100.5.6? Tell 10.100.5.169
253,1.243915466,HewlettP_87:cb:9f,Broadcast,ARP,60,Who has 10.100.5.9? Tell 10.100.5.169
254,1.243917481,HewlettP_87:cb:9f,Broadcast,ARP,60,Who has 10.100.5.13? Tell 10.100.5.169
255,1.243919593,HewlettP_87:cb:9f,Broadcast,ARP,60,Who has 10.100.5.17? Tell 10.100.5.169
256,1.24392165,HewlettP_87:cb:9f,Broadcast,ARP,60,Who has 10.100.5.10? Tell 10.100.5.169
257,1.243923629,HewlettP_87:cb:9f,Broadcast,ARP,60,Who has 10.100.5.18? Tell 10.100.5.169
258,1.2439256,HewlettP_87:cb:9f,Broadcast,ARP,60,Who has 10.100.5.16? Tell 10.100.5.169
259,1.243927532,HewlettP_87:cb:9f,Broadcast,ARP,60,Who has 10.100.5.19? Tell 10.100.5.169
260,1.252841298,HewlettP_85:15:51,Broadcast,ARP,60,Who has 10.100.5.164? Tell 10.100.5.64
261,1.26024156,fe80::f847:cd40:4a24:19bb,ff02::1:3,LLMNR,99,Standard query 0xc4ce A donate-v2-xxxxx-com
262,1.260552177,10.100.5.119,224.0.0.252,LLMNR,79,Standard query 0xc4ce A donate-v2-xxxxx-com
263,1.277313723,fe80::b54b:3c58:a175:7519,ff02::1:3,LLMNR,99,Standard query 0xd3f7 A donate-v2-xxxxx-com
264,1.277625247,10.100.5.177,224.0.0.252,LLMNR,79,Standard query 0xd3f7 A donate-v2-xxxxx-com
265,1.279912488,HewlettP_7c:f9:c0,Broadcast,ARP,60,Who has 10.100.5.80? Tell 10.100.5.170
266,1.279916713,HewlettP_7c:f9:c0,Broadcast,ARP,60,Who has 10.100.5.81? Tell 10.100.5.170
267,1.279918337,HewlettP_7c:f9:c0,Broadcast,ARP,60,Who has 10.100.5.147? Tell 10.100.5.170
268,1.279919781,HewlettP_7c:f9:c0,Broadcast,ARP,60,Who has 10.100.5.145? Tell 10.100.5.170
269,1.279921453,HewlettP_7c:f9:c0,Broadcast,ARP,60,Who has 10.100.5.140? Tell 10.100.5.170
270,1.279923046,HewlettP_7c:f9:c0,Broadcast,ARP,60,Who has 10.100.5.167? Tell 10.100.5.170
271,1.27992454,HewlettP_7c:f9:c0,Broadcast,ARP,60,Who has 10.100.5.192? Tell 10.100.5.170
272,1.279926134,HewlettP_7c:f9:c0,Broadcast,ARP,60,Who has 10.100.5.164? Tell 10.100.5.170
273,1.279927576,HewlettP_7c:f9:c0,Broadcast,ARP,60,Who has 10.100.5.196? Tell 10.100.5.170
274,1.292641868,fe80::5df5:7239:8933:d6a5,ff02::1:3,LLMNR,99,Standard query 0xcd41 A donate-v2-xxxxx-com
275,1.292644892,10.100.5.160,224.0.0.252,LLMNR,79,Standard query 0xcd41 A donate-v2-xxxxx-com
276,1.301175091,10.100.5.139,255.255.255.255,UDP,186,56455  >  796 Len=144
277,1.326892472,10.100.5.106,255.255.255.255,UDP,82,63560  >  1947 Len=40
278,1.348797138,10.100.5.122,10.100.5.255,UDP,82,52822  >  1947 Len=40
279,1.359978843,HewlettP_7c:f9:c0,Broadcast,ARP,60,Who has 10.100.5.182? Tell 10.100.5.170
280,1.362199155,10.100.5.1,224.0.0.2,HSRP,62,Hello (state Active)
281,1.373754516,fe80::4410:b1e7:d36:ce19,ff02::1:3,LLMNR,99,Standard query 0xde34 A donate-v2-xxxxx-com
282,1.374067607,10.100.5.85,224.0.0.252,LLMNR,79,Standard query 0xde34 A donate-v2-xxxxx-com
283,1.382318089,fe80::2820:ec98:5104:b732,ff02::1:3,LLMNR,99,Standard query 0x9a37 A donate-v2-xxxxx-com
284,1.382622804,10.100.5.138,224.0.0.252,LLMNR,79,Standard query 0x9a37 A donate-v2-xxxxx-com
285,1.389789792,10.100.5.249,230.0.0.1,UDP,92,53939  >  6666 Len=50
286,1.426169846,10.100.5.106,255.255.255.255,UDP,186,49420  >  796 Len=144
287,1.436310586,10.100.5.106,255.255.255.255,UDP,574,49420  >  796 Len=532
288,1.440472593,10.100.5.176,239.255.255.250,SSDP,215,M-SEARCH * HTTP/1.1 
289,1.473991557,fe80::4410:b1e7:d36:ce19,ff02::1:3,LLMNR,99,Standard query 0xde34 A donate-v2-xxxxx-com
290,1.473994668,10.100.5.85,224.0.0.252,LLMNR,79,Standard query 0xde34 A donate-v2-xxxxx-com
291,1.481197031,10.100.5.152,255.255.255.255,UDP,82,62857  >  1947 Len=40
292,1.481827259,fe80::2820:ec98:5104:b732,ff02::1:3,LLMNR,99,Standard query 0x9a37 A donate-v2-xxxxx-com
293,1.482127389,10.100.5.138,224.0.0.252,LLMNR,79,Standard query 0x9a37 A donate-v2-xxxxx-com
294,1.511190238,fe80::4558:868:1800:d88,ff02::1:3,LLMNR,99,Standard query 0x9a9f A donate-v2-xxxxx-com
295,1.51150105,10.100.5.148,224.0.0.252,LLMNR,79,Standard query 0x9a9f A donate-v2-xxxxx-com
296,1.516740212,173.249.44.111,10.100.5.170,TCP,60,"445  >  53606 [RST, ACK] Seq=1 Ack=1 Win=0 Len=0"
297,1.523070589,Cisco_92:4f:b0,Spanning-tree-(for-bridges)_00,STP,60,RST. TC + Root = 4096/24/00:24:50:b5:d8:00  Cost = 25  Port = 0x8030
298,1.529724505,65.189.70.66,10.100.5.177,TCP,60,"445  >  61985 [RST, ACK] Seq=1 Ack=1 Win=0 Len=0"
299,1.530140272,HewlettP_7c:f9:c0,Broadcast,ARP,60,Who has 10.100.5.232? Tell 10.100.5.170
300,1.536725153,HewlettP_81:a9:af,Broadcast,ARP,60,Who has 10.100.5.50? Tell 10.100.5.177
301,1.536729085,HewlettP_81:a9:af,Broadcast,ARP,60,Who has 10.100.5.48? Tell 10.100.5.177
302,1.537776979,67.212.162.201,10.100.5.142,TCP,60,"445  >  61476 [RST, ACK] Seq=1 Ack=1 Win=0 Len=0"
303,1.540669344,10.100.5.246,10.100.5.240,SNMP,91,get-request 1.3.6.1.4.1.236.11.5.11.53.31.1.116.0
304,1.541595494,10.100.5.240,10.100.5.246,SNMP,99,get-response 1.3.6.1.4.1.236.11.5.11.53.31.1.116.0
305,1.552866868,HewlettP_7c:f9:c3,Broadcast,ARP,60,Who has 10.100.5.197? Tell 10.100.5.165
306,1.555270183,HewlettP_7c:f9:c3,Broadcast,ARP,60,Who has 10.100.5.198? Tell 10.100.5.165
307,1.557158968,10.100.5.1,224.0.0.2,HSRP,62,Hello (state Active)
308,1.557472003,198.16.74.44,10.100.5.142,TLSv1.2,122,Application Data
309,1.559020709,178.170.65.57,10.100.5.148,SMB,93,"Tree Connect AndX Response, Error: Bad userid"
310,1.559325502,74.125.24.100,10.100.5.157,UDP,140,443  >  49867 Len=98
311,1.560003221,HewlettP_7c:f9:c0,Broadcast,ARP,60,Who has 10.100.5.230? Tell 10.100.5.170
312,1.560007073,HewlettP_7c:f9:c0,Broadcast,ARP,60,Who has 10.100.5.231? Tell 10.100.5.170
313,1.560008685,HewlettP_7c:f9:c0,Broadcast,ARP,60,Who has 10.100.5.233? Tell 10.100.5.170
314,1.560010172,HewlettP_7c:f9:c0,Broadcast,ARP,60,Who has 10.100.5.225? Tell 10.100.5.170
315,1.560011687,HewlettP_7c:f9:c0,Broadcast,ARP,60,Who has 10.100.5.226? Tell 10.100.5.170
316,1.560013158,HewlettP_7c:f9:c0,Broadcast,ARP,60,Who has 10.100.5.227? Tell 10.100.5.170
317,1.560014637,HewlettP_7c:f9:c0,Broadcast,ARP,60,Who has 10.100.5.229? Tell 10.100.5.170
318,1.573867282,74.125.24.100,10.100.5.157,UDP,1392,443  >  49867 Len=1350
319,1.574173401,74.125.24.100,10.100.5.157,UDP,1392,443  >  49867 Len=1350
320,1.574175918,74.125.24.100,10.100.5.157,UDP,1392,443  >  49867 Len=1350
321,1.574177075,74.125.24.100,10.100.5.157,UDP,158,443  >  49867 Len=116
322,1.574177721,74.125.24.100,10.100.5.157,UDP,62,443  >  49867 Len=20
323,1.575501314,41.76.107.45,10.100.5.143,TCP,60,445  >  52183 [ACK] Seq=1 Ack=1 Win=64240 Len=0
324,1.575815144,41.76.107.45,10.100.5.143,TCP,60,"445  >  52183 [RST, ACK] Seq=1 Ack=1 Win=0 Len=0"
325,1.576331561,41.76.107.45,10.100.5.143,TCP,62,"445  >  52214 [SYN, ACK] Seq=0 Ack=1 Win=8192 Len=0 MSS=1460 SACK_PERM=1"
326,1.582174484,10.100.5.249,230.0.0.1,UDP,92,57113  >  6666 Len=50
327,1.582176553,10.100.5.249,230.0.0.1,UDP,92,63442  >  6666 Len=50
328,1.593656673,10.100.5.202,10.100.5.250,SNMP,120,get-request 1.3.6.1.2.1.25.3.2.1.5.1 1.3.6.1.2.1.25.3.5.1.1.1 1.3.6.1.2.1.25.3.5.1.2.1
329,1.606966411,fe80::4558:868:1800:d88,ff02::1:3,LLMNR,99,Standard query 0x9a9f A donate-v2-xxxxx-com
330,1.60697279,10.100.5.148,224.0.0.252,LLMNR,79,Standard query 0x9a9f A donate-v2-xxxxx-com
331,1.627773411,HewlettP_87:cb:9f,Broadcast,ARP,60,Who has 10.100.5.67? Tell 10.100.5.169
332,1.630041566,HewlettP_7c:f9:c0,Broadcast,ARP,60,Who has 10.100.5.228? Tell 10.100.5.170
333,1.630045861,HewlettP_85:c9:bc,HewlettP_87:cb:ca,ARP,60,10.100.5.61 is at a0:48:1c:85:c9:bc
334,1.659994055,HewlettP_7c:f9:c0,Broadcast,ARP,60,Who has 10.100.5.234? Tell 10.100.5.170
335,1.666677784,HewlettP_90:89:c0,Broadcast,ARP,60,Who has 10.100.5.4? Tell 169.254.18.216
336,1.667994758,10.100.5.250,230.0.0.1,UDP,92,55865  >  6666 Len=50
337,1.679925697,fe80::806b:9a4b:155d:d873,ff02::1:3,LLMNR,99,Standard query 0x7260 A donate-v2-xxxxx-com
338,1.682244836,10.100.5.150,224.0.0.252,LLMNR,79,Standard query 0x7260 A donate-v2-xxxxx-com
339,1.692811996,HewlettP_85:15:51,Broadcast,ARP,60,Who has 10.100.5.118? Tell 10.100.5.64
340,1.6928167,HewlettP_85:15:51,Broadcast,ARP,60,Who has 10.100.5.123? Tell 10.100.5.64
341,1.69281834,HewlettP_85:15:51,Broadcast,ARP,60,Who has 10.100.5.124? Tell 10.100.5.64
342,1.692819868,HewlettP_85:15:51,Broadcast,ARP,60,Who has 10.100.5.128? Tell 10.100.5.64
343,1.692821441,HewlettP_85:15:51,Broadcast,ARP,60,Who has 10.100.5.145? Tell 10.100.5.64
344,1.692822979,HewlettP_85:15:51,Broadcast,ARP,60,Who has 10.100.5.147? Tell 10.100.5.64
345,1.71097522,43.245.194.144,10.100.5.159,TCP,66,80  >  58013 [ACK] Seq=1 Ack=1 Win=237 Len=0 SLE=0 SRE=1
346,1.720097164,10.100.5.249,230.0.0.1,UDP,541,54075  >  6666 Len=499
347,1.74370434,HewlettP_87:cb:9f,Broadcast,ARP,60,Who has 10.100.5.48? Tell 10.100.5.169
348,1.743708797,HewlettP_87:cb:9f,Broadcast,ARP,60,Who has 10.100.5.42? Tell 10.100.5.169
349,1.743710349,HewlettP_87:cb:9f,Broadcast,ARP,60,Who has 10.100.5.43? Tell 10.100.5.169
350,1.743711887,HewlettP_87:cb:9f,Broadcast,ARP,60,Who has 10.100.5.50? Tell 10.100.5.169
351,1.743713488,HewlettP_87:cb:9f,Broadcast,ARP,60,Who has 10.100.5.60? Tell 10.100.5.169
352,1.745872654,Cisco_b5:d8:00,HewlettP_87:c4:70,ARP,60,Who has 10.100.5.153? Tell 10.100.5.1
353,1.746182337,Cisco_b5:d8:00,HewlettP_85:ca:a6,ARP,60,Who has 10.100.5.158? Tell 10.100.5.1
354,1.746478214,Cisco_b5:d8:00,HewlettP_81:a3:8c,ARP,60,Who has 10.100.5.152? Tell 10.100.5.1
355,1.747625887,Cisco_b5:d8:00,HewlettP_81:a9:b3,ARP,60,Who has 10.100.5.173? Tell 10.100.5.1
356,1.747923967,Cisco_b5:d8:00,HewlettP_7e:30:5c,ARP,60,Who has 10.100.5.247? Tell 10.100.5.1
357,1.74823382,Cisco_b5:d8:00,HewlettP_8d:1f:dc,ARP,60,Who has 10.100.5.48? Tell 10.100.5.1
358,1.749507449,Cisco_b5:d8:00,HewlettP_88:89:f1,ARP,60,Who has 10.100.5.166? Tell 10.100.5.1
359,1.749807193,Cisco_b5:d8:00,HewlettP_85:c9:b1,ARP,60,Who has 10.100.5.160? Tell 10.100.5.1
360,1.749809995,Cisco_b5:d8:00,HewlettP_81:d9:8d,ARP,60,Who has 10.100.5.241? Tell 10.100.5.1
361,1.750116139,Cisco_b5:d8:00,HewlettP_85:c2:c6,ARP,60,Who has 10.100.5.81? Tell 10.100.5.1
362,1.750548724,Cisco_b5:d8:00,HewlettP_81:a9:8f,ARP,60,Who has 10.100.5.146? Tell 10.100.5.1
363,1.750551352,Cisco_b5:d8:00,HewlettP_85:ca:a4,ARP,60,Who has 10.100.5.144? Tell 10.100.5.1
364,1.750552618,Cisco_b5:d8:00,HewlettP_85:15:6e,ARP,60,Who has 10.100.5.67? Tell 10.100.5.1
365,1.750855797,Cisco_b5:d8:00,HewlettP_85:c9:d1,ARP,60,Who has 10.100.5.149? Tell 10.100.5.1
366,1.750858424,Cisco_b5:d8:00,HewlettP_7c:f9:aa,ARP,60,Who has 10.100.5.118? Tell 10.100.5.1
367,1.751161139,Cisco_b5:d8:00,HewlettP_85:15:2f,ARP,60,Who has 10.100.5.180? Tell 10.100.5.1
368,1.751163811,Cisco_b5:d8:00,HewlettP_81:db:d6,ARP,60,Who has 10.100.5.239? Tell 10.100.5.1
369,1.75147093,Cisco_b5:d8:00,HewlettP_7e:31:97,ARP,60,Who has 10.100.5.245? Tell 10.100.5.1
370,1.752942628,10.100.5.1,224.0.0.2,HSRP,62,Hello (state Active)
371,1.77976298,fe80::806b:9a4b:155d:d873,ff02::1:3,LLMNR,99,Standard query 0x7260 A donate-v2-xxxxx-com
372,1.780059458,HewlettP_7c:f9:c0,Broadcast,ARP,60,Who has 10.100.5.90? Tell 10.100.5.170
373,1.780065324,HewlettP_7c:f9:c0,Broadcast,ARP,60,Who has 10.100.5.99? Tell 10.100.5.170
374,1.78006692,HewlettP_7c:f9:c0,Broadcast,ARP,60,Who has 10.100.5.102? Tell 10.100.5.170
375,1.780068403,HewlettP_7c:f9:c0,Broadcast,ARP,60,Who has 10.100.5.103? Tell 10.100.5.170
376,1.780070067,HewlettP_7c:f9:c0,Broadcast,ARP,60,Who has 10.100.5.105? Tell 10.100.5.170
377,1.780071513,HewlettP_7c:f9:c0,Broadcast,ARP,60,Who has 10.100.5.110? Tell 10.100.5.170
378,1.780073029,HewlettP_7c:f9:c0,Broadcast,ARP,60,Who has 10.100.5.107? Tell 10.100.5.170
379,1.780074498,HewlettP_7c:f9:c0,Broadcast,ARP,60,Who has 10.100.5.108? Tell 10.100.5.170
380,1.78007602,HewlettP_7c:f9:c0,Broadcast,ARP,60,Who has 10.100.5.109? Tell 10.100.5.170
381,1.780077455,HewlettP_7c:f9:c0,Broadcast,ARP,60,Who has 10.100.5.111? Tell 10.100.5.170
382,1.780079283,10.100.5.150,224.0.0.252,LLMNR,79,Standard query 0x7260 A donate-v2-xxxxx-com
383,1.780080404,HewlettP_7c:f9:c0,Broadcast,ARP,60,Who has 10.100.5.112? Tell 10.100.5.170
384,1.780081979,HewlettP_7c:f9:c0,Broadcast,ARP,60,Who has 10.100.5.118? Tell 10.100.5.170
385,1.780083521,HewlettP_7c:f9:c0,Broadcast,ARP,60,Who has 10.100.5.128? Tell 10.100.5.170
386,1.780084974,HewlettP_7c:f9:c0,Broadcast,ARP,60,Who has 10.100.5.123? Tell 10.100.5.170
387,1.78008643,HewlettP_7c:f9:c0,Broadcast,ARP,60,Who has 10.100.5.124? Tell 10.100.5.170
388,1.780088456,HewlettP_7c:f9:c0,Broadcast,ARP,60,Who has 10.100.5.130? Tell 10.100.5.170
389,1.78008996,HewlettP_7c:f9:c0,Broadcast,ARP,60,Who has 10.100.5.133? Tell 10.100.5.170
390,1.780091401,HewlettP_7c:f9:c0,Broadcast,ARP,60,Who has 10.100.5.136? Tell 10.100.5.170
391,1.780092841,HewlettP_7c:f9:c0,Broadcast,ARP,60,Who has 10.100.5.168? Tell 10.100.5.170
392,1.780094271,HewlettP_7c:f9:c0,Broadcast,ARP,60,Who has 10.100.5.179? Tell 10.100.5.170
393,1.780095776,HewlettP_7c:f9:c0,Broadcast,ARP,60,Who has 10.100.5.180? Tell 10.100.5.170
394,1.780097243,HewlettP_7c:f9:c0,Broadcast,ARP,60,Who has 10.100.5.208? Tell 10.100.5.170
395,1.780099267,HewlettP_7c:f9:c0,Broadcast,ARP,60,Who has 10.100.5.214? Tell 10.100.5.170
396,1.780100857,HewlettP_7c:f9:c0,Broadcast,ARP,60,Who has 10.100.5.220? Tell 10.100.5.170
397,1.795261786,Routerbo_25:87:57,Broadcast,ARP,60,Who has 10.100.5.208? Tell 10.100.5.3
398,1.83228201,HewlettP_8d:1e:99,Broadcast,ARP,60,Who has 10.100.15.3? Tell 10.100.15.253
399,1.84218158,10.100.5.139,10.100.5.255,UDP,82,56453  >  1947 Len=40
400,1.844864642,HewlettP_85:15:51,Broadcast,ARP,60,Who has 10.100.5.167? Tell 10.100.5.64
401,1.875238472,HewlettP_7c:f9:c3,Broadcast,ARP,60,Who has 10.100.5.199? Tell 10.100.5.165
402,1.876872336,HewlettP_85:15:51,Broadcast,ARP,60,Who has 10.100.5.168? Tell 10.100.5.64
403,1.885218548,HewlettP_7c:f9:c3,Broadcast,ARP,60,Who has 10.100.5.200? Tell 10.100.5.165
404,1.890023844,HewlettP_7c:f9:c0,Broadcast,ARP,60,Who has 10.100.5.235? Tell 10.100.5.170
405,1.890027811,HewlettP_7c:f9:c0,Broadcast,ARP,60,Who has 10.100.5.237? Tell 10.100.5.170
406,1.900909912,Routerbo_25:87:57,HewlettP_85:14:b4,ARP,60,Who has 10.100.5.162? Tell 10.100.5.3
407,1.914989527,HewlettP_7c:f9:c3,Broadcast,ARP,60,Who has 10.100.5.201? Tell 10.100.5.165
408,1.92358369,HewlettP_7c:f9:c3,Broadcast,ARP,60,Who has 10.100.5.203? Tell 10.100.5.165
409,1.937836485,HewlettP_7c:f9:c3,Broadcast,ARP,60,Who has 10.100.5.202? Tell 10.100.5.165
410,1.953000288,fe80::25e5:12ad:67fa:6fe0,ff02::1:3,LLMNR,99,Standard query 0xc86e A donate-v2-xxxxx-com
411,1.953311153,10.100.5.159,224.0.0.252,LLMNR,79,Standard query 0xc86e A donate-v2-xxxxx-com
412,1.960210718,10.100.5.1,224.0.0.2,HSRP,62,Hello (state Active)
413,1.984777258,10.100.5.165,10.100.5.255,NBNS,92,Name query NB WPAD<00>
414,1.990038104,HewlettP_7c:f9:c0,Broadcast,ARP,60,Who has 10.100.5.236? Tell 10.100.5.170
415,2.000265024,fe80::c949:3f4a:2ae8:bc93,ff02::1:3,LLMNR,99,Standard query 0x0968 A donate-v2-xxxxx-com
416,2.000580969,10.100.5.142,224.0.0.252,LLMNR,79,Standard query 0x0968 A donate-v2-xxxxx-com
417,2.002892613,10.100.5.64,10.100.5.172,TCP,62,59252  >  445 [SYN] Seq=0 Win=8192 Len=0 MSS=1460 SACK_PERM=1
418,2.032547374,10.100.5.249,230.0.0.1,UDP,92,54075  >  6666 Len=50
419,2.042889796,10.100.5.64,10.100.5.171,TCP,62,59250  >  445 [SYN] Seq=0 Win=8192 Len=0 MSS=1460 SACK_PERM=1
420,2.053235078,fe80::25e5:12ad:67fa:6fe0,ff02::1:3,LLMNR,99,Standard query 0xc86e A donate-v2-xxxxx-com
421,2.053238067,10.100.5.159,224.0.0.252,LLMNR,79,Standard query 0xc86e A donate-v2-xxxxx-com
422,2.057240988,HewlettP_81:a9:af,Broadcast,ARP,60,Who has 10.100.5.51? Tell 10.100.5.177
423,2.060963456,Cisco_92:4f:b0,Spanning-tree-(for-bridges)_00,STP,60,RST. TC + Root = 4096/24/00:24:50:b5:d8:00  Cost = 25  Port = 0x8030
424,2.067304993,HewlettP_81:a9:af,Broadcast,ARP,60,Who has 10.100.5.52? Tell 10.100.5.177
425,2.085693316,HewlettP_81:a9:af,Broadcast,ARP,60,Who has 10.100.5.53? Tell 10.100.5.177
426,2.094953072,HewlettP_81:a9:af,Broadcast,ARP,60,Who has 10.100.5.54? Tell 10.100.5.177
427,2.100010552,fe80::c949:3f4a:2ae8:bc93,ff02::1:3,LLMNR,99,Standard query 0x0968 A donate-v2-xxxxx-com
428,2.10001421,10.100.5.142,224.0.0.252,LLMNR,79,Standard query 0x0968 A donate-v2-xxxxx-com
429,2.102993729,HewlettP_81:a9:af,Broadcast,ARP,60,Who has 10.100.5.55? Tell 10.100.5.177
430,2.117059325,HewlettP_81:a9:af,Broadcast,ARP,60,Who has 10.100.5.56? Tell 10.100.5.177
431,2.117063611,HewlettP_81:a9:af,Broadcast,ARP,60,Who has 10.100.5.57? Tell 10.100.5.177
432,2.127128506,HewlettP_81:a9:af,Broadcast,ARP,60,Who has 10.100.5.58? Tell 10.100.5.177
433,2.137241706,HewlettP_81:a9:af,Broadcast,ARP,60,Who has 10.100.5.59? Tell 10.100.5.177
434,2.140358441,fe80::3025:a32d:a04f:2b49,ff02::1:3,LLMNR,99,Standard query 0x9afd A donate-v2-xxxxx-com
435,2.149598454,10.100.5.169,224.0.0.252,LLMNR,79,Standard query 0x9afd A donate-v2-xxxxx-com
436,2.158072637,10.100.5.240,10.100.5.242,SNMP,99,get-response 1.3.6.1.4.1.236.11.5.11.53.31.1.116.0
437,2.170995271,fe80::9046:95fe:daaf:1722,ff02::1:3,LLMNR,99,Standard query 0xc0b6 A donate-v2-xxxxx-com
438,2.171314776,10.100.5.158,224.0.0.252,LLMNR,79,Standard query 0xc0b6 A donate-v2-xxxxx-com
439,2.173931649,10.100.5.1,224.0.0.2,HSRP,62,Hello (state Active)
440,2.180072069,fe80::945b:110f:5ecd:627d,ff02::1:3,LLMNR,99,Standard query 0xdae2 A donate-v2-xxxxx-com
441,2.180383294,10.100.5.83,224.0.0.252,LLMNR,79,Standard query 0xdae2 A donate-v2-xxxxx-com
442,2.182870729,HewlettP_81:a9:af,Broadcast,ARP,60,Who has 10.100.5.62? Tell 10.100.5.177
443,2.18341898,HewlettP_88:85:71,Broadcast,ARP,60,Who has 10.100.5.177? Tell 10.100.5.62
444,2.192840867,HewlettP_85:15:51,Broadcast,ARP,60,Who has 10.100.5.130? Tell 10.100.5.64
445,2.192844897,HewlettP_85:15:51,Broadcast,ARP,60,Who has 10.100.5.133? Tell 10.100.5.64
446,2.192846531,HewlettP_85:15:51,Broadcast,ARP,60,Who has 10.100.5.136? Tell 10.100.5.64
447,2.192848136,HewlettP_85:15:51,Broadcast,ARP,60,Who has 10.100.5.140? Tell 10.100.5.64
448,2.192849705,HewlettP_85:15:51,Broadcast,ARP,60,Who has 10.100.5.164? Tell 10.100.5.64
449,2.199966619,HewlettP_7c:f9:c0,Broadcast,ARP,60,Who has 10.100.5.238? Tell 10.100.5.170
450,2.202900462,10.100.5.64,10.100.5.178,TCP,62,59263  >  445 [SYN] Seq=0 Win=8192 Len=0 MSS=1460 SACK_PERM=1
451,2.206925971,HewlettP_85:15:51,Broadcast,ARP,60,Who has 10.100.5.179? Tell 10.100.5.64
452,2.232923873,HewlettP_85:15:51,Broadcast,ARP,60,Who has 10.100.5.180? Tell 10.100.5.64
453,2.239903722,fe80::3025:a32d:a04f:2b49,ff02::1:3,LLMNR,99,Standard query 0x9afd A donate-v2-xxxxx-com
454,2.241747683,10.100.5.169,224.0.0.252,LLMNR,79,Standard query 0x9afd A donate-v2-xxxxx-com
455,2.24235258,fe80::8044:8ceb:8945:3fde,ff02::1:2,DHCPv6,155,Solicit XID: 0xbcce0b CID: 0001000123192a36a0481c81aa27 
456,2.243725396,HewlettP_87:cb:9f,Broadcast,ARP,60,Who has 10.100.5.2? Tell 10.100.5.169
457,2.243730254,HewlettP_87:cb:9f,Broadcast,ARP,60,Who has 10.100.5.8? Tell 10.100.5.169
458,2.243732093,HewlettP_87:cb:9f,Broadcast,ARP,60,Who has 10.100.5.5? Tell 10.100.5.169
459,2.243733769,HewlettP_87:cb:9f,Broadcast,ARP,60,Who has 10.100.5.11? Tell 10.100.5.169
460,2.243735344,HewlettP_87:cb:9f,Broadcast,ARP,60,Who has 10.100.5.14? Tell 10.100.5.169
461,2.24373701,HewlettP_87:cb:9f,Broadcast,ARP,60,Who has 10.100.5.7? Tell 10.100.5.169
462,2.243738706,HewlettP_87:cb:9f,Broadcast,ARP,60,Who has 10.100.5.15? Tell 10.100.5.169
463,2.24374031,HewlettP_87:cb:9f,Broadcast,ARP,60,Who has 10.100.5.12? Tell 10.100.5.169
464,2.243741863,HewlettP_87:cb:9f,Broadcast,ARP,60,Who has 10.100.5.6? Tell 10.100.5.169
465,2.243743603,HewlettP_87:cb:9f,Broadcast,ARP,60,Who has 10.100.5.9? Tell 10.100.5.169
466,2.243745184,HewlettP_87:cb:9f,Broadcast,ARP,60,Who has 10.100.5.13? Tell 10.100.5.169
467,2.244031536,HewlettP_87:cb:9f,Broadcast,ARP,60,Who has 10.100.5.17? Tell 10.100.5.169
468,2.244035512,HewlettP_87:cb:9f,Broadcast,ARP,60,Who has 10.100.5.10? Tell 10.100.5.169
469,2.244037193,HewlettP_87:cb:9f,Broadcast,ARP,60,Who has 10.100.5.18? Tell 10.100.5.169
470,2.244038749,HewlettP_87:cb:9f,Broadcast,ARP,60,Who has 10.100.5.16? Tell 10.100.5.169
471,2.244040388,HewlettP_87:cb:9f,Broadcast,ARP,60,Who has 10.100.5.19? Tell 10.100.5.169
472,2.244041876,HewlettP_87:cb:9f,Broadcast,ARP,60,Who has 10.100.5.67? Tell 10.100.5.169
473,2.255363287,HewlettP_7c:f9:c3,Broadcast,ARP,60,Who has 10.100.5.205? Tell 10.100.5.165
474,2.260113837,HewlettP_7c:f9:c3,Broadcast,ARP,60,Who has 10.100.5.204? Tell 10.100.5.165
475,2.265152901,HewlettP_7c:f9:c3,Broadcast,ARP,60,Who has 10.100.5.206? Tell 10.100.5.165
476,2.270581819,fe80::9046:95fe:daaf:1722,ff02::1:3,LLMNR,99,Standard query 0xc0b6 A donate-v2-xxxxx-com
477,2.270594114,10.100.5.158,224.0.0.252,LLMNR,79,Standard query 0xc0b6 A donate-v2-xxxxx-com
478,2.270925121,HewlettP_90:89:c0,Broadcast,ARP,60,Who has 10.100.5.4? Tell 169.254.18.216
479,2.275234572,HewlettP_7c:f9:c3,Broadcast,ARP,60,Who has 10.100.5.207? Tell 10.100.5.165
480,2.279658759,fe80::945b:110f:5ecd:627d,ff02::1:3,LLMNR,99,Standard query 0xdae2 A donate-v2-xxxxx-com
481,2.279661722,10.100.5.83,224.0.0.252,LLMNR,79,Standard query 0xdae2 A donate-v2-xxxxx-com
482,2.279948685,HewlettP_7c:f9:c0,Broadcast,ARP,60,Who has 10.100.5.147? Tell 10.100.5.170
483,2.279952575,HewlettP_7c:f9:c0,Broadcast,ARP,60,Who has 10.100.5.145? Tell 10.100.5.170
484,2.279954337,HewlettP_7c:f9:c0,Broadcast,ARP,60,Who has 10.100.5.140? Tell 10.100.5.170
485,2.279956104,HewlettP_7c:f9:c0,Broadcast,ARP,60,Who has 10.100.5.167? Tell 10.100.5.170
486,2.279957575,HewlettP_7c:f9:c0,Broadcast,ARP,60,Who has 10.100.5.192? Tell 10.100.5.170
487,2.279959067,HewlettP_7c:f9:c0,Broadcast,ARP,60,Who has 10.100.5.164? Tell 10.100.5.170
488,2.279960536,HewlettP_7c:f9:c0,Broadcast,ARP,60,Who has 10.100.5.196? Tell 10.100.5.170
489,2.279962024,HewlettP_7c:f9:c0,Broadcast,ARP,60,Who has 10.100.5.182? Tell 10.100.5.170
490,2.279963478,HewlettP_7c:f9:c0,Broadcast,ARP,60,Who has 10.100.5.232? Tell 10.100.5.170
491,2.279965001,HewlettP_7c:f9:c0,Broadcast,ARP,60,Who has 10.100.5.230? Tell 10.100.5.170
492,2.279966489,HewlettP_7c:f9:c0,Broadcast,ARP,60,Who has 10.100.5.231? Tell 10.100.5.170
493,2.279967958,HewlettP_7c:f9:c0,Broadcast,ARP,60,Who has 10.100.5.233? Tell 10.100.5.170
494,2.279969421,HewlettP_7c:f9:c0,Broadcast,ARP,60,Who has 10.100.5.225? Tell 10.100.5.170
495,2.27997094,HewlettP_7c:f9:c0,Broadcast,ARP,60,Who has 10.100.5.226? Tell 10.100.5.170
496,2.279972389,HewlettP_7c:f9:c0,Broadcast,ARP,60,Who has 10.100.5.227? Tell 10.100.5.170
497,2.279973915,HewlettP_7c:f9:c0,Broadcast,ARP,60,Who has 10.100.5.229? Tell 10.100.5.170
498,2.280260883,HewlettP_7c:f9:c0,Broadcast,ARP,60,Who has 10.100.5.228? Tell 10.100.5.170
499,2.280265186,HewlettP_7c:f9:c0,Broadcast,ARP,60,Who has 10.100.5.234? Tell 10.100.5.170
